image,cls,conf,x1,y1,x2,y2
000000000009.jpg,45,0.9276054501533508,306.1712646484375,0.0399627685546875,628.6713256835938,238.11529541015625
000000000009.jpg,50,0.7598302364349365,254.71424865722656,234.2403564453125,566.590087890625,479.7333984375
000000000009.jpg,45,0.6416831016540527,0.0,7.751708984375,456.38958740234375,464.019287109375
000000000009.jpg,52,0.4148041307926178,0.333343505859375,112.98761749267578,230.3153839111328,303.61480712890625
000000000025.jpg,23,0.9012081623077393,383.3902587890625,64.207275390625,597.7208862304688,358.11260986328125
000000000025.jpg,23,0.38383013010025024,49.32403564453125,357.1164855957031,153.3384246826172,416.0901184082031
000000000030.jpg,75,0.8921616673469543,239.98179626464844,155.1142120361328,408.328857421875,351.50628662109375
000000000030.jpg,58,0.27124300599098206,204.52503967285156,32.78839111328125,458.923583984375,351.12994384765625
000000000034.jpg,22,0.9339750409126282,0.0,16.79644775390625,443.54498291015625,399.9919738769531
000000000036.jpg,0,0.8989840149879456,173.88925170898438,158.22731018066406,462.0147399902344,639.5601806640625
000000000036.jpg,25,0.7268674969673157,0.0,56.06121826171875,460.38018798828125,497.26556396484375
000000000042.jpg,77,0.46108728647232056,219.31256103515625,41.76129150390625,570.9757080078125,293.2744445800781
000000000042.jpg,16,0.32287415862083435,217.02557373046875,41.91143798828125,582.4368286132812,293.53271484375
000000000049.jpg,17,0.8495423793792725,166.68621826171875,228.5746612548828,291.5018615722656,410.8452453613281
000000000049.jpg,58,0.765324056148529,200.38333129882812,426.7265930175781,272.135986328125,474.57958984375
000000000049.jpg,17,0.5774568915367126,79.46553039550781,243.65635681152344,185.47866821289062,403.3479919433594
000000000049.jpg,0,0.5726514458656311,280.56884765625,328.53656005859375,295.630126953125,360.37030029296875
000000000049.jpg,0,0.5077674388885498,189.0376434326172,332.1307678222656,198.79519653320312,358.6882629394531
000000000049.jpg,0,0.44329243898391724,118.50992584228516,338.67718505859375,130.9620819091797,368.08905029296875
000000000049.jpg,0,0.35919710993766785,357.6742858886719,339.0513916015625,376.939208984375,361.40374755859375
000000000049.jpg,0,0.3355090916156769,80.22583770751953,242.1558837890625,171.99234008789062,328.1037902832031
000000000049.jpg,0,0.31475624442100525,351.77032470703125,336.33563232421875,360.1092529296875,362.0425720214844
000000000049.jpg,0,0.2655181586742401,209.43031311035156,267.1842041015625,268.07470703125,336.42425537109375
000000000061.jpg,0,0.5622885823249817,265.77862548828125,196.01528930664062,310.9285888671875,267.3684997558594
000000000061.jpg,19,0.4116254150867462,221.38351440429688,241.20864868164062,367.1926574707031,334.3588562011719
000000000064.jpg,74,0.7972224950790405,109.29509735107422,36.44712829589844,262.30487060546875,196.33602905273438
000000000064.jpg,2,0.7506698369979858,50.95423126220703,392.8350830078125,228.38763427734375,525.838623046875
000000000071.jpg,2,0.6921454071998596,587.6746215820312,230.98971557617188,613.8478393554688,245.18643188476562
000000000071.jpg,6,0.6676089763641357,47.76448059082031,187.0741729736328,531.5733032226562,303.81829833984375
000000000071.jpg,2,0.47779345512390137,617.27294921875,237.00833129882812,640.0,249.7593994140625
000000000072.jpg,23,0.7316813468933105,46.803466796875,65.07952880859375,425.32904052734375,640.0
000000000073.jpg,3,0.8619804978370667,5.92987060546875,26.740478515625,521.2367553710938,634.121337890625
000000000074.jpg,16,0.8981470465660095,63.75726318359375,275.6514892578125,359.490966796875,379.06011962890625
000000000074.jpg,1,0.8507430553436279,0.2137298583984375,2.5960693359375,163.89466857910156,319.8653564453125
000000000074.jpg,0,0.49401652812957764,324.49163818359375,96.67870330810547,342.33941650390625,151.7264404296875
000000000074.jpg,0,0.3502171039581299,475.5169677734375,105.038818359375,494.419677734375,148.46029663085938
000000000074.jpg,0,0.3045515716075897,277.2433776855469,97.25550079345703,292.6808166503906,151.46063232421875
000000000074.jpg,0,0.2877708673477173,358.9262390136719,111.91458129882812,371.6322326660156,148.68954467773438
000000000074.jpg,0,0.2874879240989685,291.7761535644531,97.068359375,313.1086730957031,154.24267578125
000000000077.jpg,0,0.8947358727455139,23.828367233276367,165.85028076171875,123.22431182861328,335.3634948730469
000000000077.jpg,0,0.8435596823692322,319.92010498046875,54.58655548095703,410.1745300292969,149.85845947265625
000000000077.jpg,0,0.6500629782676697,214.73956298828125,54.8281135559082,319.4268798828125,180.60951232910156
000000000077.jpg,36,0.5968189835548401,44.28480911254883,317.1517333984375,95.6792984008789,345.938232421875
000000000077.jpg,0,0.46158328652381897,286.2868347167969,102.15110778808594,306.825439453125,140.8783416748047
000000000077.jpg,0,0.3896500766277313,268.2977294921875,58.12448501586914,318.94366455078125,141.52438354492188
000000000077.jpg,36,0.2521541118621826,30.32693862915039,129.59182739257812,83.90878295898438,187.818359375
000000000078.jpg,75,0.8506770730018616,28.072647094726562,341.7585754394531,260.1654968261719,611.0070190429688
000000000078.jpg,74,0.5140115022659302,358.066162109375,3.5487515926361084,574.4755249023438,242.53421020507812
000000000078.jpg,74,0.5040775537490845,400.66290283203125,64.68478393554688,539.2430419921875,207.96458435058594
000000000081.jpg,4,0.8954475522041321,23.219482421875,31.693817138671875,631.9317626953125,355.4052429199219
000000000086.jpg,0,0.8094326853752136,148.53225708007812,147.614990234375,275.3311462402344,545.4661865234375
000000000086.jpg,1,0.6998070478439331,133.39881896972656,282.612548828125,412.3651123046875,626.9752197265625
000000000086.jpg,3,0.4113363027572632,138.16094970703125,282.842529296875,414.15618896484375,627.86572265625
000000000089.jpg,69,0.9520450830459595,138.74935913085938,204.02880859375,478.5823059082031,479.27093505859375
000000000089.jpg,68,0.8659605383872986,0.2618255615234375,46.68145751953125,122.67063903808594,191.62118530273438
000000000089.jpg,43,0.8150938749313354,552.2200317382812,100.0159683227539,578.4196166992188,238.56716918945312
000000000089.jpg,43,0.773650586605072,528.9324340820312,103.07322692871094,556.3296508789062,237.00218200683594
000000000089.jpg,43,0.762276828289032,504.37713623046875,106.80856323242188,525.7036743164062,234.6573486328125
000000000089.jpg,43,0.6279135346412659,476.7088623046875,126.62078094482422,496.91729736328125,231.97100830078125
000000000089.jpg,43,0.4453851282596588,572.7623901367188,101.00997924804688,598.0856323242188,240.77276611328125
000000000089.jpg,69,0.28210076689720154,0.66558837890625,380.2217712402344,150.44839477539062,479.6376037597656
000000000092.jpg,42,0.9262292385101318,417.7247314453125,113.56930541992188,586.769287109375,422.7754211425781
000000000092.jpg,55,0.893892765045166,134.84698486328125,0.0,492.968994140625,296.44439697265625
000000000092.jpg,60,0.3535607159137726,1.12200927734375,2.49127197265625,585.5569458007812,422.45867919921875
000000000094.jpg,2,0.8956061601638794,356.1082763671875,276.04327392578125,397.372314453125,310.62713623046875
000000000094.jpg,7,0.335649698972702,539.8009033203125,263.7027587890625,626.4735107421875,352.376708984375
000000000109.jpg,0,0.7310023903846741,514.4251708984375,270.9493713378906,530.5447998046875,308.6835632324219
000000000109.jpg,0,0.6410800218582153,588.7636108398438,269.2181701660156,601.2070922851562,289.7579650878906
000000000109.jpg,0,0.3473574221134186,546.16015625,249.54998779296875,554.7783203125,263.1732177734375
000000000109.jpg,13,0.2883963882923126,376.1822509765625,263.02935791015625,409.74267578125,287.85552978515625
000000000109.jpg,0,0.2858620882034302,603.872802734375,271.6727294921875,613.6953125,283.53057861328125
000000000109.jpg,13,0.26490557193756104,447.3145446777344,280.62322998046875,488.4704284667969,306.44830322265625
000000000110.jpg,0,0.9125439524650574,0.150726318359375,129.16558837890625,254.37594604492188,413.9981689453125
000000000110.jpg,0,0.868232250213623,209.39630126953125,4.884674072265625,639.5072021484375,474.7184753417969
000000000110.jpg,0,0.8636969327926636,252.05276489257812,0.0,379.8783264160156,139.92361450195312
000000000110.jpg,0,0.8361241817474365,338.38958740234375,0.0,412.19232177734375,93.22871398925781
000000000110.jpg,0,0.8091360330581665,0.0,0.3797607421875,130.29940795898438,171.61398315429688
000000000110.jpg,53,0.5881780982017517,128.29147338867188,387.5198974609375,475.2326965332031,479.74493408203125
000000000110.jpg,53,0.5251666307449341,292.711669921875,416.10467529296875,474.95458984375,479.64959716796875
000000000110.jpg,56,0.4988016188144684,240.42596435546875,135.06625366210938,301.3350830078125,191.58984375
000000000110.jpg,56,0.44837048649787903,181.05868530273438,139.52471923828125,237.83963012695312,212.02703857421875
000000000110.jpg,60,0.41181203722953796,143.65213012695312,91.095703125,258.60955810546875,131.67471313476562
000000000110.jpg,0,0.40190523862838745,131.553955078125,0.0,158.7247314453125,57.86619186401367
000000000110.jpg,0,0.4016791582107544,225.93280029296875,0.0,276.83074951171875,84.60604858398438
000000000110.jpg,0,0.39906036853790283,146.16891479492188,0.18331146240234375,211.28671264648438,76.06756591796875
000000000110.jpg,60,0.3910042345523834,1.19061279296875,383.16156005859375,604.2518920898438,479.74261474609375
000000000110.jpg,0,0.3351213037967682,401.5352783203125,0.0,442.1253662109375,87.91991424560547
000000000110.jpg,56,0.2896595597267151,0.057514190673828125,135.02166748046875,46.19729995727539,319.8904724121094
000000000110.jpg,0,0.2795364558696747,0.12060928344726562,0.14185333251953125,53.746917724609375,78.08456420898438
000000000113.jpg,0,0.872739851474762,3.2532806396484375,35.264190673828125,159.5198516845703,465.94482421875
000000000113.jpg,0,0.8639699220657349,144.66403198242188,53.023193359375,341.5725402832031,417.984130859375
000000000113.jpg,0,0.8510130047798157,341.443603515625,95.30032348632812,415.70703125,436.9544982910156
000000000113.jpg,60,0.7800336480140686,25.778167724609375,387.29547119140625,416.0,638.8878784179688
000000000113.jpg,43,0.6031227111816406,253.0283966064453,360.2381591796875,296.81024169921875,450.7030029296875
000000000113.jpg,56,0.5513656139373779,86.20611572265625,380.37139892578125,248.72500610351562,450.93292236328125
000000000113.jpg,41,0.45419660210609436,77.65032958984375,458.8922119140625,123.61795043945312,516.5535888671875
000000000113.jpg,55,0.3663160502910614,151.1650848388672,433.7506103515625,398.98736572265625,561.5252685546875
000000000113.jpg,45,0.3491845726966858,292.234375,402.8228759765625,361.3524169921875,440.297607421875
000000000127.jpg,43,0.8648348450660706,302.652099609375,283.50555419921875,400.7242431640625,443.80523681640625
000000000127.jpg,41,0.8385485410690308,375.22784423828125,222.7755584716797,552.2899780273438,345.46075439453125
000000000127.jpg,55,0.8258258104324341,179.73641967773438,267.2182922363281,307.2186279296875,403.9057922363281
000000000127.jpg,60,0.6821867227554321,100.79150390625,121.4580078125,638.8951416015625,477.20654296875
000000000127.jpg,44,0.47582677006721497,347.59820556640625,272.494873046875,429.64495849609375,358.83294677734375
000000000127.jpg,13,0.3212003707885742,0.031429290771484375,145.14175415039062,50.05759048461914,228.57720947265625
000000000127.jpg,73,0.28680139780044556,258.3372802734375,193.78778076171875,385.949951171875,269.326171875
000000000127.jpg,25,0.2512378394603729,131.58990478515625,0.65338134765625,163.06857299804688,75.60539245605469
000000000133.jpg,59,0.40889230370521545,14.04998779296875,3.099609375,615.2048950195312,476.8084716796875
000000000136.jpg,23,0.9306307435035706,73.42042541503906,115.09671783447266,264.8891906738281,371.0020751953125
000000000136.jpg,23,0.9222745299339294,315.62115478515625,124.6063461303711,446.34344482421875,297.33203125
000000000136.jpg,0,0.7577780485153198,0.0,58.719207763671875,66.32815551757812,368.5138244628906
000000000136.jpg,0,0.5416968464851379,0.10571479797363281,227.82740783691406,53.04769515991211,369.8801574707031
000000000138.jpg,72,0.7973578572273254,10.936431884765625,96.62340545654297,157.0506591796875,348.465087890625
000000000138.jpg,45,0.7704636454582214,158.94345092773438,182.5171661376953,204.31875610351562,202.79661560058594
000000000138.jpg,69,0.7199702262878418,257.55487060546875,171.1811065673828,380.82000732421875,344.72821044921875
000000000138.jpg,58,0.6949964165687561,555.4267578125,45.63423156738281,606.238525390625,103.25350952148438
000000000138.jpg,75,0.6913882493972778,219.24905395507812,54.48991012573242,251.1995849609375,102.56932067871094
000000000138.jpg,75,0.5124313831329346,431.43572998046875,63.24519348144531,449.51995849609375,102.70097351074219
000000000138.jpg,74,0.48053592443466187,316.41680908203125,18.98027801513672,383.24072265625,87.48280334472656
000000000138.jpg,39,0.41741353273391724,91.792724609375,406.51446533203125,116.06561279296875,457.94219970703125
000000000138.jpg,58,0.3311198055744171,33.556175231933594,411.11602783203125,71.62071990966797,458.63043212890625
000000000142.jpg,39,0.7552395462989807,87.11621856689453,0.27288818359375,269.116943359375,366.7384033203125
000000000142.jpg,39,0.6048292517662048,258.63232421875,84.39926147460938,418.95721435546875,340.20623779296875
000000000142.jpg,55,0.5007383227348328,73.42706298828125,372.9439697265625,434.55859375,639.4580688476562
000000000142.jpg,46,0.4110495150089264,150.95408630371094,487.86871337890625,252.88841247558594,570.0062866210938
000000000142.jpg,46,0.39832794666290283,267.46484375,474.8996887207031,377.2581787109375,553.450439453125
000000000142.jpg,60,0.39557158946990967,0.4022216796875,6.86297607421875,477.1095275878906,638.9706420898438
000000000142.jpg,41,0.3892175853252411,258.36669921875,85.47586059570312,419.4072265625,339.97772216796875
000000000142.jpg,46,0.3349568843841553,284.32269287109375,387.168212890625,365.96124267578125,457.9967041015625
000000000142.jpg,46,0.2514594793319702,221.01226806640625,435.048828125,303.786376953125,506.26055908203125
000000000143.jpg,14,0.9216249585151672,129.04119873046875,104.42318725585938,223.09359741210938,277.1336669921875
000000000143.jpg,14,0.7257551550865173,419.3045959472656,192.3190460205078,562.880126953125,482.45062255859375
000000000143.jpg,14,0.6554230451583862,29.48528289794922,17.227249145507812,133.07826232910156,163.412353515625
000000000143.jpg,14,0.5541808009147644,267.3728942871094,129.5545654296875,389.3564758300781,375.7992248535156
000000000143.jpg,14,0.5234799385070801,241.69805908203125,271.093505859375,347.96044921875,425.64056396484375
000000000143.jpg,14,0.2934926450252533,110.13539123535156,232.03656005859375,234.62998962402344,494.19293212890625
000000000144.jpg,23,0.8690738677978516,260.27294921875,121.00375366210938,600.7647705078125,480.0
000000000144.jpg,23,0.7348083257675171,53.43817138671875,81.603271484375,346.4384765625,354.34271240234375
000000000149.jpg,33,0.5917668342590332,439.8672790527344,192.8816680908203,452.7493591308594,208.9988250732422
000000000149.jpg,33,0.4832596182823181,62.5515022277832,339.82391357421875,104.74470520019531,354.49700927734375
000000000149.jpg,33,0.4803444743156433,433.7161865234375,82.45286560058594,446.34246826171875,96.45137023925781
000000000149.jpg,33,0.45832595229148865,383.3688049316406,277.3153381347656,399.8067321777344,289.5296325683594
000000000149.jpg,0,0.35881903767585754,231.61752319335938,314.13360595703125,244.16079711914062,339.24725341796875
000000000149.jpg,33,0.2813499867916107,279.72332763671875,250.8916015625,294.17852783203125,259.49176025390625
000000000149.jpg,0,0.27542009949684143,246.81280517578125,318.41204833984375,256.83843994140625,339.34332275390625
000000000151.jpg,11,0.9149173498153687,212.49134826660156,326.3417053222656,249.09962463378906,363.5824890136719
000000000154.jpg,22,0.942493200302124,16.7794189453125,315.2989501953125,358.96722412109375,639.7373657226562
000000000154.jpg,22,0.9414411783218384,38.913909912109375,192.343994140625,314.8515625,334.2421875
000000000154.jpg,22,0.9216948747634888,238.37318420410156,96.12998962402344,338.544677734375,156.23501586914062
000000000164.jpg,56,0.8504862785339355,156.8724365234375,409.65826416015625,309.39129638671875,479.68487548828125
000000000164.jpg,39,0.30132120847702026,374.5902404785156,136.02264404296875,383.1128234863281,151.42108154296875
000000000164.jpg,39,0.29355061054229736,463.8130187988281,280.39947509765625,473.4344177246094,317.07733154296875
000000000165.jpg,0,0.8668397068977356,242.89141845703125,109.0321044921875,632.2364501953125,527.4310913085938
000000000165.jpg,0,0.7615897059440613,5.2991943359375,25.914810180664062,362.4685974121094,529.5433349609375
000000000165.jpg,27,0.5808698534965515,157.98406982421875,145.71139526367188,269.03863525390625,400.2051696777344
000000000192.jpg,0,0.9059179425239563,269.08685302734375,180.54550170898438,377.50238037109375,418.2174987792969
000000000192.jpg,0,0.8921062350273132,349.35223388671875,255.32333374023438,482.14617919921875,479.2745056152344
000000000192.jpg,0,0.8765537738800049,0.0,271.12237548828125,38.512935638427734,480.0
000000000192.jpg,0,0.8548895716667175,436.857177734375,217.57647705078125,516.0084838867188,463.7645263671875
000000000192.jpg,34,0.32374241948127747,18.461570739746094,403.918212890625,49.89866638183594,477.564697265625
000000000192.jpg,35,0.3211198151111603,347.5766906738281,330.6189880371094,386.4786682128906,374.2853088378906
000000000194.jpg,53,0.8036311864852905,3.5797119140625,18.4581298828125,637.6575927734375,479.22210693359375
000000000194.jpg,50,0.47613486647605896,39.179107666015625,234.53952026367188,163.10287475585938,300.5725402832031
000000000194.jpg,60,0.2991918623447418,0.984619140625,0.138885498046875,634.7215576171875,480.0
000000000194.jpg,50,0.26208367943763733,69.318115234375,161.37100219726562,163.25543212890625,208.43710327148438
000000000196.jpg,45,0.912409782409668,422.6773681640625,237.0830078125,570.5467529296875,349.203369140625
000000000196.jpg,45,0.7605884075164795,361.59814453125,337.11761474609375,530.5980224609375,479.83209228515625
000000000196.jpg,45,0.7187020778656006,275.0885009765625,54.298606872558594,404.618896484375,119.75017547607422
000000000196.jpg,45,0.643685519695282,233.57994079589844,196.96798706054688,405.0289306640625,284.3211975097656
000000000196.jpg,45,0.6354861259460449,515.6480712890625,312.09515380859375,640.0,454.16851806640625
000000000196.jpg,51,0.6079029440879822,392.9434814453125,376.36541748046875,420.216552734375,431.70989990234375
000000000196.jpg,51,0.5834887027740479,412.675048828125,401.7767639160156,467.15673828125,435.5982360839844
000000000196.jpg,45,0.5797898769378662,31.738555908203125,230.69970703125,399.3572082519531,478.65301513671875
000000000196.jpg,60,0.5196211338043213,3.53070068359375,60.44342041015625,639.0026245117188,477.3199462890625
000000000196.jpg,51,0.5188202261924744,393.60565185546875,374.80401611328125,447.14825439453125,449.41534423828125
000000000196.jpg,45,0.4906807839870453,359.7229919433594,48.44898986816406,453.1254577636719,106.89097595214844
000000000196.jpg,51,0.48480814695358276,381.4741516113281,414.97991943359375,413.1872863769531,443.28912353515625
000000000196.jpg,51,0.4837955832481384,176.82049560546875,360.4842529296875,209.421630859375,397.4747314453125
000000000196.jpg,45,0.3820714056491852,114.7478256225586,88.73390197753906,210.04428100585938,125.97611999511719
000000000196.jpg,44,0.33909061551094055,537.378173828125,245.34239196777344,618.56005859375,366.1175537109375
000000000196.jpg,45,0.3161240816116333,464.23065185546875,183.9285888671875,617.2780151367188,255.3739013671875
000000000196.jpg,51,0.2727862000465393,447.62542724609375,370.61676025390625,489.95428466796875,433.57110595703125
000000000196.jpg,51,0.25854218006134033,439.7585754394531,375.196044921875,451.6832580566406,399.984619140625
000000000201.jpg,31,0.9299113750457764,333.93756103515625,30.066436767578125,488.02960205078125,398.1063537597656
000000000201.jpg,31,0.8889678120613098,264.48272705078125,43.1778564453125,365.99798583984375,364.99664306640625
000000000201.jpg,31,0.8350458741188049,209.28665161132812,46.52325439453125,293.9991149902344,339.12652587890625
000000000201.jpg,0,0.6065143942832947,614.9815673828125,193.93115234375,626.6014404296875,213.48715209960938
000000000201.jpg,0,0.5231419205665588,588.2855834960938,189.98817443847656,597.2454223632812,214.60340881347656
000000000201.jpg,31,0.28556638956069946,263.11700439453125,45.17144775390625,328.85028076171875,268.3611755371094
000000000208.jpg,0,0.850878894329071,43.505455017089844,201.42279052734375,236.17147827148438,479.66400146484375
000000000241.jpg,0,0.9041929841041565,0.517913818359375,255.8651123046875,207.51205444335938,600.7343139648438
000000000241.jpg,0,0.8659917116165161,115.48641967773438,13.0206298828125,330.2901306152344,631.32177734375
000000000241.jpg,41,0.8592866659164429,0.8536796569824219,597.4315795898438,42.71147155761719,639.9987182617188
000000000241.jpg,0,0.8192628026008606,289.90887451171875,261.1773681640625,402.57135009765625,531.330810546875
000000000241.jpg,41,0.7692821025848389,103.844970703125,597.95849609375,149.87612915039062,639.7933349609375
000000000241.jpg,39,0.5968706011772156,36.17211151123047,550.2933349609375,68.9383773803711,640.0
000000000241.jpg,57,0.4857712686061859,290.30035400390625,268.64630126953125,479.56085205078125,579.5618896484375
000000000241.jpg,65,0.4779565632343292,117.86436462402344,323.58074951171875,160.47691345214844,344.32794189453125
000000000241.jpg,24,0.3965308964252472,342.117431640625,471.46026611328125,410.414306640625,540.423095703125
000000000241.jpg,58,0.344134122133255,91.48221588134766,102.83592987060547,194.82095336914062,340.6695556640625
000000000241.jpg,26,0.3111269474029541,342.34942626953125,471.46697998046875,409.3397216796875,541.423828125
000000000247.jpg,2,0.7923253774642944,57.71055603027344,188.42117309570312,138.54327392578125,222.09713745117188
000000000247.jpg,3,0.28999993205070496,0.9237060546875,0.418243408203125,639.2803344726562,415.93255615234375
000000000247.jpg,7,0.2587975859642029,0.1939697265625,6.05584716796875,639.0950927734375,412.377685546875
000000000257.jpg,0,0.7034428119659424,77.32795715332031,326.8164978027344,100.38392639160156,377.2379455566406
000000000257.jpg,3,0.65158611536026,99.29515838623047,415.60491943359375,170.96295166015625,479.83978271484375
000000000257.jpg,7,0.6392011046409607,250.85939025878906,278.08148193359375,453.7169189453125,401.75433349609375
000000000257.jpg,0,0.6192589402198792,469.499267578125,327.139404296875,480.642822265625,356.12158203125
000000000257.jpg,0,0.6175243854522705,236.48150634765625,327.41680908203125,265.377197265625,405.54473876953125
000000000257.jpg,0,0.5995347499847412,309.3521728515625,333.15325927734375,337.4609375,411.820068359375
000000000257.jpg,0,0.5990267395973206,140.75119018554688,345.4874267578125,208.79824829101562,479.6630859375
000000000257.jpg,24,0.5818277597427368,180.75985717773438,366.6202697753906,226.80355834960938,417.7950744628906
000000000257.jpg,0,0.5762025713920593,261.0106201171875,330.32843017578125,280.056396484375,396.81475830078125
000000000257.jpg,0,0.5554832220077515,546.41357421875,328.18902587890625,559.183837890625,368.86083984375
000000000257.jpg,0,0.5162770748138428,138.27908325195312,328.4851379394531,152.62359619140625,364.3746032714844
000000000257.jpg,0,0.5103485584259033,289.79852294921875,336.90472412109375,318.26788330078125,413.85601806640625
000000000257.jpg,0,0.5008698105812073,584.044921875,326.5430603027344,597.551513671875,365.3447570800781
000000000257.jpg,7,0.4753546416759491,519.476806640625,242.64114379882812,639.304443359375,479.5986022949219
000000000257.jpg,5,0.37779122591018677,78.90167236328125,302.0350646972656,188.09591674804688,358.3238830566406
000000000257.jpg,0,0.36677631735801697,189.0286102294922,329.08868408203125,209.97825622558594,371.00946044921875
000000000257.jpg,0,0.33593273162841797,217.18276977539062,331.08941650390625,238.45108032226562,399.07293701171875
000000000257.jpg,0,0.3327070474624634,533.654296875,328.483154296875,548.380126953125,368.20458984375
000000000257.jpg,0,0.2726605236530304,570.9637451171875,328.08428955078125,585.5604248046875,366.34881591796875
000000000260.jpg,0,0.861548662185669,261.00341796875,139.7760467529297,313.5571594238281,310.4299621582031
000000000260.jpg,2,0.6660770773887634,239.34083557128906,174.8465576171875,271.5231018066406,193.430908203125
000000000260.jpg,5,0.6036722660064697,0.0,87.25564575195312,60.336151123046875,256.8525085449219
000000000260.jpg,28,0.5276431441307068,333.9877624511719,207.59849548339844,393.9691162109375,241.22181701660156
000000000260.jpg,28,0.40057340264320374,325.1340026855469,232.74131774902344,371.765625,296.9045104980469
000000000260.jpg,28,0.34727320075035095,375.7545166015625,238.32369995117188,401.814697265625,291.7054138183594
000000000263.jpg,20,0.7520604729652405,28.5755615234375,122.1827392578125,586.6696166992188,637.06005859375
000000000283.jpg,40,0.9182792901992798,163.0872802734375,155.43199157714844,252.6387939453125,368.6263427734375
000000000283.jpg,39,0.7803357839584351,65.44529724121094,33.908355712890625,150.63616943359375,351.01947021484375
000000000283.jpg,56,0.6347254514694214,201.77072143554688,66.65548706054688,427.9942932128906,326.0896911621094
000000000283.jpg,60,0.2681731879711151,0.0,269.74481201171875,427.48443603515625,635.9663696289062
000000000294.jpg,0,0.912009060382843,23.8145751953125,70.05340576171875,389.1650390625,422.25701904296875
000000000294.jpg,68,0.7894242405891418,505.998291015625,312.35552978515625,639.6834716796875,425.4346923828125
000000000294.jpg,68,0.6836042404174805,0.0,213.5823974609375,46.25000762939453,312.40740966796875
000000000294.jpg,43,0.31286922097206116,474.5528564453125,333.93255615234375,489.657958984375,368.36126708984375
000000000294.jpg,68,0.26647982001304626,223.39378356933594,349.5449523925781,368.5162353515625,426.7306213378906
000000000307.jpg,16,0.8278011083602905,404.2489013671875,197.62603759765625,582.14404296875,372.65966796875
000000000307.jpg,2,0.6257041692733765,385.685791015625,49.15321350097656,431.933837890625,65.00304412841797
000000000307.jpg,29,0.5995290279388428,349.17974853515625,369.51141357421875,421.30810546875,479.69915771484375
000000000308.jpg,0,0.9261322617530823,377.1029052734375,20.3638916015625,558.08642578125,420.06658935546875
000000000308.jpg,0,0.9032248854637146,0.007781982421875,47.172271728515625,183.8020477294922,422.1288146972656
000000000308.jpg,0,0.8467914462089539,133.671630859375,29.417266845703125,261.8236083984375,425.1561584472656
000000000308.jpg,40,0.8345454335212708,364.1417236328125,222.55044555664062,391.10498046875,286.5713195800781
000000000308.jpg,40,0.7215418815612793,236.1558837890625,148.4003448486328,260.8282165527344,213.1078643798828
000000000308.jpg,0,0.6134395599365234,111.44853210449219,77.91404724121094,146.2195587158203,125.73405456542969
000000000308.jpg,60,0.5731849670410156,212.53338623046875,226.71234130859375,474.2442626953125,420.76080322265625
000000000308.jpg,0,0.5131986737251282,346.9022216796875,72.16693115234375,393.43212890625,241.432373046875
000000000308.jpg,58,0.47168785333633423,247.9568328857422,127.76483154296875,276.13409423828125,164.13372802734375
000000000308.jpg,0,0.4549316167831421,55.140777587890625,12.953216552734375,150.411865234375,241.5126953125
000000000308.jpg,40,0.4018586575984955,146.69921875,155.43008422851562,187.8455810546875,211.54360961914062
000000000308.jpg,26,0.3952568471431732,531.747802734375,120.71044921875,587.325439453125,343.7728271484375
000000000308.jpg,25,0.33509835600852966,281.8441162109375,63.04505920410156,362.57476806640625,88.58930969238281
000000000308.jpg,58,0.2884884774684906,312.1866760253906,111.6578598022461,349.0852966308594,162.66744995117188
000000000308.jpg,40,0.267424613237381,149.9176025390625,173.44781494140625,188.14892578125,256.2773742675781
000000000309.jpg,14,0.4281775653362274,421.9302062988281,74.5116195678711,510.2294921875,196.26284790039062
000000000309.jpg,16,0.3453042209148407,70.63104248046875,210.03981018066406,392.4069519042969,504.10357666015625
000000000312.jpg,20,0.9404149055480957,0.760162353515625,186.87013244628906,229.9231414794922,393.0260009765625
000000000312.jpg,20,0.9303938746452332,227.86581420898438,193.15216064453125,432.9229431152344,373.13201904296875
000000000312.jpg,20,0.8238868117332458,481.22027587890625,177.4502716064453,639.7838745117188,363.40679931640625
000000000312.jpg,20,0.7826443314552307,321.4366455078125,295.1932373046875,417.16943359375,374.9888916015625
000000000312.jpg,20,0.46437081694602966,419.08001708984375,256.2466735839844,593.7606811523438,372.7897644042969
000000000315.jpg,0,0.7502520084381104,341.2474365234375,139.8968505859375,400.3665771484375,340.1717529296875
000000000315.jpg,0,0.7384153008460999,484.47662353515625,147.57199096679688,542.6683959960938,335.6023864746094
000000000315.jpg,25,0.7257971167564392,421.98583984375,45.520355224609375,461.88623046875,132.80511474609375
000000000315.jpg,25,0.4967985153198242,375.106689453125,133.1211395263672,426.5361328125,157.6454620361328
000000000315.jpg,25,0.4935590624809265,192.31326293945312,114.39285278320312,334.2250671386719,180.43032836914062
000000000315.jpg,25,0.4884534776210785,0.1458892822265625,133.83050537109375,81.65196228027344,243.2506103515625
000000000315.jpg,0,0.4760814309120178,141.94122314453125,217.44012451171875,208.93997192382812,397.56439208984375
000000000315.jpg,25,0.4521491825580597,284.6753234863281,113.89905548095703,367.1968078613281,137.58160400390625
000000000315.jpg,25,0.44952917098999023,1.168212890625,95.36666870117188,311.76666259765625,234.818603515625
000000000315.jpg,25,0.3282325565814972,466.739013671875,107.35499572753906,530.9527587890625,125.01217651367188
000000000315.jpg,0,0.3059934973716736,180.98318481445312,371.48101806640625,287.3390808105469,426.16180419921875
000000000315.jpg,56,0.25384292006492615,0.0,330.7007141113281,185.52783203125,423.2346496582031
000000000321.jpg,52,0.8851108551025391,363.5904541015625,200.67098999023438,613.7561645507812,436.8866271972656
000000000321.jpg,52,0.5749355554580688,77.16063690185547,47.89007568359375,295.09765625,422.04107666015625
000000000321.jpg,52,0.3562890291213989,369.65301513671875,66.45162963867188,605.0051879882812,310.04144287109375
000000000321.jpg,48,0.34704506397247314,362.63812255859375,200.41058349609375,612.8701171875,436.268798828125
000000000321.jpg,45,0.2678198218345642,338.2135009765625,29.741607666015625,630.8479614257812,462.3233947753906
000000000322.jpg,0,0.9200242161750793,73.938232421875,104.10357666015625,282.3426513671875,387.937744140625
000000000322.jpg,29,0.5885604023933411,281.82305908203125,195.99093627929688,398.86492919921875,218.5565185546875
000000000322.jpg,29,0.5144908428192139,282.52301025390625,206.66493225097656,324.91156005859375,219.04090881347656
000000000322.jpg,34,0.2544865906238556,282.3111877441406,195.87442016601562,399.6222839355469,219.81039428710938
000000000326.jpg,0,0.7502602934837341,154.33151245117188,90.89604187011719,501.3359680175781,422.88128662109375
000000000326.jpg,40,0.6708132028579712,238.71531677246094,35.78265380859375,514.82080078125,305.1497802734375
000000000328.jpg,0,0.892508327960968,201.69793701171875,90.58317565917969,401.13775634765625,474.13214111328125
000000000328.jpg,0,0.8672483563423157,45.10504913330078,66.39031982421875,263.67608642578125,409.52142333984375
000000000328.jpg,0,0.8568593859672546,338.27264404296875,68.70281982421875,586.6673583984375,483.0224609375
000000000328.jpg,73,0.6030418872833252,248.801025390625,221.24139404296875,332.4468994140625,260.5643005371094
000000000328.jpg,27,0.5821371078491211,320.15216064453125,170.1173095703125,337.53436279296875,233.33160400390625
000000000328.jpg,27,0.3422817885875702,460.840087890625,177.38101196289062,479.0184326171875,220.14907836914062
000000000328.jpg,24,0.29340860247612,16.056961059570312,157.15005493164062,136.59832763671875,249.58706665039062
000000000328.jpg,13,0.2568509876728058,202.27545166015625,155.23519897460938,588.4993896484375,477.5397033691406
000000000332.jpg,45,0.8438604474067688,93.68243408203125,0.08425140380859375,265.6554870605469,72.16386413574219
000000000332.jpg,51,0.6900625228881836,164.67242431640625,84.99502563476562,474.18701171875,332.12249755859375
000000000332.jpg,60,0.6344646215438843,0.86358642578125,0.921051025390625,603.81396484375,480.0
000000000332.jpg,41,0.6262648105621338,586.94873046875,0.0051727294921875,639.8408203125,159.44534301757812
000000000332.jpg,51,0.593629002571106,60.03504943847656,266.83282470703125,169.98208618164062,379.75640869140625
000000000332.jpg,45,0.5437034368515015,2.2745361328125,22.92047119140625,605.7030029296875,480.0
000000000332.jpg,41,0.5122224688529968,391.4241943359375,0.0,514.5777587890625,58.0103759765625
000000000332.jpg,51,0.27438798546791077,194.74200439453125,159.46844482421875,301.6929626464844,287.4176330566406
000000000338.jpg,74,0.8999884724617004,456.6441650390625,87.82881927490234,482.2962646484375,113.43665313720703
000000000338.jpg,0,0.8863313794136047,440.09637451171875,173.65049743652344,498.19805908203125,325.3985595703125
000000000338.jpg,0,0.8618058562278748,326.81072998046875,143.74102783203125,419.61590576171875,325.1040344238281
000000000338.jpg,72,0.845138669013977,218.0457763671875,150.28622436523438,313.54931640625,324.4646911621094
000000000338.jpg,69,0.7138780951499939,26.090087890625,220.76275634765625,162.578857421875,324.1390380859375
000000000338.jpg,69,0.346119225025177,0.0,186.1134033203125,48.9361572265625,323.8555908203125
000000000338.jpg,72,0.2835629880428314,363.26361083984375,107.51071166992188,433.02313232421875,309.89056396484375
000000000349.jpg,6,0.7792714834213257,0.0,121.98834228515625,504.29620361328125,382.2127990722656
000000000349.jpg,58,0.5924015045166016,396.64837646484375,278.95147705078125,458.94110107421875,358.13702392578125
000000000357.jpg,0,0.8767483234405518,592.2067260742188,154.30624389648438,620.7102661132812,201.25326538085938
000000000357.jpg,0,0.8689159154891968,207.79541015625,23.232534408569336,232.158447265625,53.58124542236328
000000000357.jpg,0,0.847409725189209,529.443115234375,134.95252990722656,557.735107421875,186.5813446044922
000000000357.jpg,0,0.79814213514328,73.71208190917969,75.34098815917969,94.67828369140625,127.17588806152344
000000000357.jpg,0,0.7010623812675476,566.8238525390625,160.6219940185547,594.1866455078125,198.28211975097656
000000000357.jpg,0,0.6374289989471436,268.22283935546875,10.727422714233398,299.194580078125,54.314781188964844
000000000357.jpg,0,0.5104914903640747,372.51312255859375,25.981403350830078,390.03057861328125,52.60271072387695
000000000357.jpg,0,0.30542969703674316,268.0213623046875,9.37781047821045,291.32781982421875,33.26485824584961
000000000359.jpg,2,0.6259072422981262,0.8420586585998535,291.6050720214844,126.74388885498047,330.2259216308594
000000000359.jpg,9,0.5994437336921692,154.39157104492188,100.06224060058594,219.9648895263672,135.74453735351562
000000000359.jpg,9,0.3932819366455078,243.97235107421875,99.35994720458984,295.7013244628906,122.28083801269531
000000000360.jpg,0,0.7192177772521973,239.4963836669922,136.14053344726562,314.60382080078125,197.9095458984375
000000000368.jpg,32,0.7860830426216125,205.48733520507812,236.63616943359375,258.4301452636719,288.494873046875
000000000368.jpg,0,0.6901999115943909,0.022768020629882812,152.33804321289062,18.803972244262695,234.65493774414062
000000000368.jpg,0,0.6518005728721619,163.6378173828125,107.57455444335938,400.773193359375,367.5719909667969
000000000368.jpg,0,0.6224295496940613,268.7245178222656,73.88839721679688,308.8344421386719,161.2169189453125
000000000368.jpg,0,0.47409239411354065,160.49362182617188,80.13162994384766,210.07211303710938,189.62484741210938
000000000368.jpg,0,0.4687753915786743,81.39682006835938,137.00839233398438,109.14498901367188,202.8721923828125
000000000368.jpg,0,0.420662522315979,137.40756225585938,142.90528869628906,177.10159301757812,231.0148162841797
000000000368.jpg,35,0.40430954098701477,166.866455078125,289.74346923828125,207.53533935546875,340.38812255859375
000000000368.jpg,0,0.39308714866638184,65.63444519042969,140.909912109375,85.61088562011719,200.5157470703125
000000000370.jpg,50,0.8947315812110901,236.3695068359375,262.56939697265625,479.8336181640625,496.12799072265625
000000000370.jpg,0,0.8554076552391052,77.67144775390625,24.500244140625,478.508544921875,639.4716186523438
000000000382.jpg,0,0.8493643999099731,512.39208984375,362.1629638671875,559.482421875,446.3634033203125
000000000382.jpg,0,0.6532255411148071,493.94537353515625,222.7025146484375,530.3397827148438,251.87115478515625
000000000382.jpg,0,0.3881743550300598,479.75885009765625,273.0819091796875,495.72430419921875,287.9515380859375
000000000382.jpg,30,0.3409469425678253,483.650146484375,427.35455322265625,572.049560546875,458.45123291015625
000000000384.jpg,74,0.5750783681869507,205.90272521972656,275.31201171875,235.13841247558594,305.7587890625
000000000384.jpg,57,0.5462095737457275,0.0,422.2867736816406,198.23980712890625,635.1842041015625
000000000384.jpg,73,0.5161947011947632,123.78480529785156,468.01019287109375,162.0497283935547,485.45709228515625
000000000384.jpg,73,0.2609350383281708,154.57077026367188,541.743408203125,199.16616821289062,559.2041015625
000000000387.jpg,0,0.2664925158023834,404.17730712890625,114.6387939453125,488.64678955078125,198.95697021484375
000000000389.jpg,27,0.9414399862289429,306.181396484375,301.43170166015625,372.896728515625,480.0
000000000389.jpg,0,0.9141033887863159,0.230194091796875,260.03289794921875,140.70855712890625,479.42864990234375
000000000389.jpg,0,0.8890421390533447,139.17010498046875,86.83045959472656,516.5999755859375,479.63720703125
000000000389.jpg,0,0.8579197525978088,466.09222412109375,292.233154296875,564.3912963867188,479.71185302734375
000000000389.jpg,0,0.7725866436958313,569.3596801757812,372.273193359375,639.7279663085938,479.89794921875
000000000389.jpg,0,0.639258086681366,90.73713684082031,251.58087158203125,177.2494659423828,467.71405029296875
000000000389.jpg,0,0.6256236433982849,160.75540161132812,284.2833251953125,219.14157104492188,334.4267578125
000000000389.jpg,0,0.505737841129303,601.73583984375,271.2528381347656,639.673828125,427.2986145019531
000000000389.jpg,0,0.3106584846973419,218.201904296875,266.67718505859375,268.41522216796875,306.11395263671875
000000000394.jpg,29,0.998799204826355,235.31414794921875,184.92819213867188,592.2279052734375,476.9078674316406
000000000394.jpg,16,0.44981929659843445,276.365966796875,450.84149169921875,509.03717041015625,584.4944458007812
000000000394.jpg,16,0.3947741389274597,1.34332275390625,12.098388671875,625.002685546875,568.257080078125
000000000395.jpg,0,0.8917484283447266,0.11501312255859375,212.87066650390625,82.4975814819336,475.0577392578125
000000000395.jpg,0,0.8664886355400085,114.572021484375,144.9864501953125,553.1726684570312,575.7054443359375
000000000395.jpg,0,0.8162500262260437,80.04498291015625,263.8841247558594,157.02325439453125,473.2026672363281
000000000395.jpg,0,0.6657617688179016,517.7100830078125,204.5640411376953,638.6104736328125,576.1681518554688
000000000395.jpg,0,0.4317376911640167,150.76333618164062,235.55294799804688,222.98184204101562,402.9087829589844
000000000395.jpg,0,0.3931601345539093,451.25201416015625,253.2490234375,519.7976684570312,362.85357666015625
000000000395.jpg,0,0.3299988806247711,95.90545654296875,224.93609619140625,150.8401641845703,303.87274169921875
000000000395.jpg,67,0.3181825280189514,289.41424560546875,271.62103271484375,334.1041259765625,318.1517333984375
000000000397.jpg,53,0.9053341150283813,6.39532470703125,39.125244140625,636.79052734375,470.66552734375
000000000397.jpg,56,0.3275020718574524,474.67926025390625,0.1244354248046875,576.4204711914062,87.50794982910156
000000000400.jpg,16,0.559092104434967,443.57427978515625,143.03994750976562,516.0225830078125,222.19775390625
000000000404.jpg,8,0.4578748047351837,59.286590576171875,301.569091796875,363.29986572265625,445.47216796875
000000000404.jpg,8,0.36433663964271545,60.3209228515625,388.73046875,362.8914794921875,444.4007568359375
000000000415.jpg,0,0.935611367225647,0.5799560546875,254.7104949951172,122.74000549316406,558.7457885742188
000000000415.jpg,38,0.7867688536643982,65.11961364746094,398.56817626953125,101.70779418945312,444.94622802734375
000000000419.jpg,0,0.9085333943367004,451.89111328125,231.96368408203125,587.123046875,479.6396484375
000000000419.jpg,0,0.7803610563278198,126.75936126708984,124.74832916259766,173.56851196289062,282.3173522949219
000000000428.jpg,0,0.9472982287406921,229.21771240234375,30.069549560546875,582.6240844726562,356.3605041503906
000000000428.jpg,55,0.8011046051979065,404.260009765625,236.42417907714844,579.297119140625,356.399658203125
000000000431.jpg,0,0.9091228246688843,154.32620239257812,67.31778717041016,313.7801818847656,322.1618957519531
000000000431.jpg,38,0.8916777968406677,301.11541748046875,162.71279907226562,378.81488037109375,221.45556640625
000000000436.jpg,0,0.8902362585067749,7.19769287109375,7.00335693359375,425.5130615234375,639.5341796875
000000000436.jpg,39,0.85472172498703,145.84674072265625,546.3565673828125,221.548095703125,639.80224609375
000000000436.jpg,54,0.8515093922615051,222.33499145507812,238.54150390625,321.8225402832031,310.631591796875
000000000438.jpg,54,0.939713716506958,476.23187255859375,195.54324340820312,600.9035034179688,312.60455322265625
000000000438.jpg,54,0.9255592226982117,475.8369140625,306.99420166015625,610.641357421875,453.1744384765625
000000000438.jpg,54,0.9210490584373474,319.15069580078125,331.559326171875,487.12054443359375,456.12701416015625
000000000438.jpg,54,0.905222475528717,471.9429016113281,101.16197204589844,594.300537109375,203.18214416503906
000000000438.jpg,54,0.8896721005439758,169.78802490234375,356.96258544921875,332.20367431640625,449.49884033203125
000000000438.jpg,54,0.8785455822944641,169.10379028320312,215.38629150390625,319.03240966796875,319.9197998046875
000000000438.jpg,54,0.8725685477256775,50.64704895019531,103.50952911376953,176.14576721191406,189.28271484375
000000000438.jpg,54,0.8485060930252075,186.854736328125,270.0509033203125,334.18597412109375,370.421875
000000000438.jpg,54,0.8129543662071228,178.87603759765625,144.0948486328125,318.82220458984375,246.62112426757812
000000000438.jpg,54,0.7875307202339172,37.953643798828125,271.8230895996094,189.19757080078125,352.8283386230469
000000000438.jpg,54,0.779474675655365,60.089054107666016,163.7728271484375,178.83953857421875,253.87664794921875
000000000438.jpg,54,0.7328471541404724,179.45864868164062,43.19768142700195,305.18609619140625,137.34425354003906
000000000438.jpg,54,0.7169284820556641,71.66999816894531,62.80036926269531,180.4799041748047,133.86703491210938
000000000438.jpg,54,0.6837384104728699,36.37989807128906,226.79470825195312,159.3551025390625,301.8416442871094
000000000438.jpg,54,0.6794302463531494,34.49580383300781,319.5897216796875,191.81390380859375,440.62066650390625
000000000438.jpg,54,0.6408045291900635,306.708984375,154.4842529296875,398.792236328125,338.9258728027344
000000000438.jpg,54,0.513238251209259,171.29974365234375,111.85935974121094,311.92987060546875,189.80650329589844
000000000438.jpg,54,0.4040883481502533,395.9317626953125,248.01321411132812,481.82220458984375,336.1024475097656
000000000438.jpg,54,0.30063048005104065,388.5602722167969,98.1947021484375,478.3688659667969,295.545166015625
000000000438.jpg,60,0.28159308433532715,6.0968017578125,22.076766967773438,639.9317016601562,480.0
000000000443.jpg,65,0.8440635204315186,500.41864013671875,198.5117950439453,639.2555541992188,348.14971923828125
000000000443.jpg,0,0.5913833379745483,481.455322265625,260.272216796875,639.466064453125,479.4813232421875
000000000443.jpg,16,0.3561352491378784,197.15887451171875,51.38861083984375,578.6859130859375,440.75640869140625
000000000443.jpg,67,0.3408815562725067,132.84335327148438,451.4137878417969,218.89639282226562,479.8260803222656
000000000443.jpg,0,0.33035072684288025,484.630615234375,0.54632568359375,639.67529296875,336.08294677734375
000000000446.jpg,0,0.8831961154937744,73.0601806640625,120.8939208984375,357.767578125,638.720947265625
000000000446.jpg,58,0.6926586031913757,419.72332763671875,182.5947265625,479.71844482421875,282.06585693359375
000000000446.jpg,32,0.43398934602737427,25.954870223999023,281.65679931640625,60.646888732910156,319.13092041015625
000000000446.jpg,58,0.4204915463924408,374.67022705078125,246.74342346191406,434.6419677734375,341.1025390625
000000000450.jpg,53,0.9276527762413025,1.1298828125,17.06903076171875,569.7272338867188,479.38714599609375
000000000450.jpg,40,0.8237273693084717,463.16455078125,0.278228759765625,561.1539306640625,69.93161010742188
000000000450.jpg,41,0.6282951235771179,565.5333251953125,0.6954498291015625,639.6695556640625,191.89186096191406
000000000450.jpg,41,0.5569888353347778,197.34732055664062,0.01768016815185547,269.30828857421875,10.498392105102539
000000000450.jpg,60,0.4868796467781067,0.5584716796875,0.676544189453125,629.2272338867188,480.0
000000000459.jpg,0,0.9290261268615723,1.1862030029296875,80.9462890625,511.19512939453125,637.5540771484375
000000000459.jpg,27,0.859286904335022,159.81239318847656,283.97857666015625,220.20799255371094,530.774169921875
000000000471.jpg,5,0.9449129104614258,115.07989501953125,108.56698608398438,576.796630859375,323.28594970703125
000000000472.jpg,4,0.8103802800178528,393.45452880859375,57.166839599609375,479.67193603515625,86.22415161132812
000000000474.jpg,35,0.9057632088661194,9.97462272644043,233.0843048095703,107.60315704345703,306.0072021484375
000000000474.jpg,0,0.8637235164642334,18.431068420410156,45.8502311706543,326.35009765625,465.118408203125
000000000486.jpg,45,0.8387656807899475,254.1651611328125,306.4186096191406,386.47222900390625,387.8643493652344
000000000486.jpg,60,0.4564110040664673,103.33209228515625,247.87847900390625,519.874755859375,425.28826904296875
000000000486.jpg,68,0.408602237701416,88.24006652832031,208.15475463867188,157.08123779296875,250.22528076171875
000000000486.jpg,62,0.31974419951438904,28.2333984375,210.66943359375,89.40072631835938,254.15863037109375
000000000486.jpg,68,0.25298652052879333,28.36615753173828,210.23727416992188,89.3563003540039,253.96798706054688
000000000488.jpg,0,0.879311203956604,34.72721862792969,211.3470916748047,124.22660827636719,358.12335205078125
000000000488.jpg,0,0.8717703223228455,181.578857421875,210.92117309570312,282.1964111328125,341.4565124511719
000000000488.jpg,0,0.8636103272438049,108.88368225097656,244.657958984375,233.50315856933594,355.95867919921875
000000000488.jpg,0,0.8442972898483276,545.1707763671875,214.86270141601562,590.0960693359375,266.5862731933594
000000000488.jpg,35,0.7294039726257324,219.94253540039062,274.43780517578125,243.46109008789062,295.34197998046875
000000000488.jpg,34,0.3000403046607971,213.95169067382812,225.4156494140625,249.98141479492188,256.5549621582031
000000000488.jpg,32,0.29682502150535583,431.7989501953125,253.5968017578125,439.078369140625,260.51123046875
000000000488.jpg,0,0.2772100865840912,209.80494689941406,198.89974975585938,238.9679412841797,267.2738952636719
000000000490.jpg,16,0.9102414846420288,50.085426330566406,192.4365997314453,137.12059020996094,337.4007263183594
000000000490.jpg,36,0.5029497742652893,306.06427001953125,137.44712829589844,389.8376770019531,394.8763122558594
000000000491.jpg,77,0.6916923522949219,106.6560287475586,3.204488754272461,415.80035400390625,310.3575439453125
000000000491.jpg,16,0.2510943114757538,0.13707280158996582,0.6040096282958984,95.75443267822266,192.16531372070312
000000000502.jpg,21,0.9090791940689087,222.76513671875,83.69293212890625,502.279296875,344.8473815917969
000000000510.jpg,0,0.9255786538124084,257.37969970703125,127.58587646484375,407.5137939453125,429.400390625
000000000510.jpg,13,0.7303187251091003,42.12335205078125,226.6439208984375,547.0394287109375,413.1370849609375
000000000510.jpg,11,0.4170900285243988,32.86956024169922,0.009965896606445312,81.3840560913086,15.702864646911621
000000000520.jpg,14,0.7029613256454468,98.79116821289062,195.81060791015625,134.28610229492188,216.96435546875
000000000520.jpg,14,0.6708810329437256,300.5029296875,140.29803466796875,334.9912109375,161.9322509765625
000000000520.jpg,14,0.6010938286781311,225.78799438476562,129.05862426757812,265.0175476074219,147.81454467773438
000000000520.jpg,14,0.5879799127578735,0.06704139709472656,187.39886474609375,22.971826553344727,203.82550048828125
000000000520.jpg,14,0.5531273484230042,444.904052734375,173.21807861328125,467.6201171875,192.14581298828125
000000000520.jpg,14,0.5392295122146606,448.7844543457031,216.57284545898438,469.5188903808594,231.68563842773438
000000000520.jpg,0,0.4465603828430176,242.39569091796875,309.203857421875,255.87603759765625,341.4454345703125
000000000529.jpg,3,0.888808012008667,14.890533447265625,232.836669921875,380.8543395996094,582.1416015625
000000000529.jpg,0,0.816497802734375,104.8341064453125,77.05056762695312,335.0185546875,470.6697692871094
000000000529.jpg,0,0.275491863489151,195.83477783203125,93.09857177734375,301.167236328125,278.6397705078125
000000000531.jpg,0,0.8495147228240967,262.554443359375,249.62149047851562,300.8387451171875,338.0353698730469
000000000531.jpg,0,0.810041069984436,85.98237609863281,255.24169921875,121.38894653320312,321.77099609375
000000000531.jpg,0,0.7426995038986206,137.49020385742188,399.458251953125,207.01901245117188,479.919189453125
000000000531.jpg,0,0.6547869443893433,6.713678359985352,253.17822265625,28.141340255737305,294.16815185546875
000000000531.jpg,0,0.5861598253250122,216.47003173828125,253.75428771972656,226.561767578125,278.1611328125
000000000531.jpg,0,0.5577496886253357,447.3153991699219,247.545166015625,460.9665832519531,282.4525146484375
000000000531.jpg,0,0.48390552401542664,504.5074462890625,247.44834899902344,518.2106323242188,278.90478515625
000000000531.jpg,0,0.4640147089958191,249.64471435546875,255.30413818359375,264.23883056640625,279.4027099609375
000000000531.jpg,38,0.3104693293571472,292.61358642578125,289.9995422363281,310.83978271484375,321.7354431152344
000000000532.jpg,0,0.8798670768737793,122.29132080078125,252.84864807128906,173.4837646484375,369.2830810546875
000000000532.jpg,0,0.8562932014465332,266.13531494140625,235.92596435546875,313.41839599609375,391.1884765625
000000000532.jpg,5,0.7990568280220032,95.75982666015625,133.5549774169922,553.090087890625,389.33197021484375
000000000532.jpg,5,0.5834729671478271,0.03514862060546875,169.6585235595703,95.30091857910156,355.77374267578125
000000000532.jpg,7,0.32407331466674805,0.01702880859375,169.96376037597656,94.71356201171875,355.31689453125
000000000532.jpg,5,0.26364782452583313,60.015560150146484,201.78286743164062,95.0467529296875,284.17376708984375
000000000536.jpg,0,0.935922384262085,290.6515808105469,132.72171020507812,447.7655944824219,335.8189392089844
000000000536.jpg,0,0.888775110244751,172.64833068847656,80.62191009521484,276.5791320800781,335.6990966796875
000000000536.jpg,0,0.8878551125526428,86.27960968017578,64.96781158447266,181.89476013183594,335.66656494140625
000000000536.jpg,32,0.2988054156303406,278.11224365234375,0.0,335.9249267578125,30.643815994262695
000000000540.jpg,4,0.8347408771514893,156.95977783203125,186.2264404296875,450.806396484375,271.9082946777344
000000000542.jpg,0,0.823230504989624,225.0397491455078,192.39151000976562,291.65582275390625,374.8396911621094
000000000542.jpg,0,0.801581621170044,453.498046875,194.9202880859375,492.2110595703125,352.5489501953125
000000000542.jpg,0,0.7489961385726929,147.73199462890625,210.5810546875,196.0703125,373.35870361328125
000000000542.jpg,0,0.7175911068916321,180.56036376953125,208.02786254882812,229.54544067382812,349.0683288574219
000000000542.jpg,0,0.7029983401298523,317.43487548828125,210.14459228515625,358.827392578125,344.26434326171875
000000000542.jpg,0,0.6478043794631958,353.7703857421875,213.213623046875,394.12835693359375,339.44091796875
000000000542.jpg,4,0.6110339760780334,200.180419921875,11.893585205078125,630.189208984375,331.31109619140625
000000000542.jpg,0,0.5583169460296631,277.07183837890625,206.76461791992188,308.81781005859375,346.8601379394531
000000000542.jpg,0,0.3578503131866455,282.9951171875,117.55862426757812,333.6165771484375,182.65829467773438
000000000542.jpg,4,0.31122633814811707,0.48883056640625,128.75051879882812,519.8795776367188,334.46893310546875
000000000542.jpg,0,0.27786409854888916,298.393310546875,210.56204223632812,329.53564453125,347.8899841308594
000000000542.jpg,0,0.25056514143943787,453.70367431640625,119.55990600585938,495.225830078125,221.32327270507812
000000000544.jpg,0,0.9014450907707214,249.65365600585938,241.8563232421875,363.9090881347656,407.6805419921875
000000000544.jpg,0,0.8971328735351562,23.913803100585938,270.36529541015625,126.60012817382812,411.19158935546875
000000000544.jpg,0,0.8954168558120728,107.62246704101562,302.1683349609375,236.48745727539062,408.95574951171875
000000000544.jpg,35,0.6700027585029602,211.32763671875,325.2847900390625,238.394775390625,355.940673828125
000000000544.jpg,0,0.538454532623291,23.76727294921875,237.49053955078125,63.688270568847656,296.56781005859375
000000000544.jpg,0,0.45069620013237,146.5219268798828,193.01763916015625,179.73997497558594,239.45538330078125
000000000544.jpg,0,0.4093858003616333,193.87274169921875,210.41583251953125,226.10211181640625,238.15020751953125
000000000544.jpg,34,0.37623560428619385,222.5111083984375,299.23876953125,277.0947265625,308.931884765625
000000000544.jpg,0,0.3180714249610901,16.920631408691406,193.76019287109375,43.365413665771484,241.92462158203125
000000000544.jpg,0,0.2809174060821533,247.635986328125,187.08485412597656,276.21630859375,236.20045471191406
000000000544.jpg,0,0.2605038583278656,0.15089797973632812,219.75946044921875,32.12197494506836,297.64654541015625
000000000560.jpg,58,0.74747633934021,52.87295913696289,128.14024353027344,112.5677490234375,187.95062255859375
000000000560.jpg,71,0.6621720790863037,79.72347259521484,186.65135192871094,195.8227996826172,265.5729064941406
000000000562.jpg,79,0.7105570435523987,185.27178955078125,60.50628662109375,270.2420959472656,274.57415771484375
000000000562.jpg,79,0.3843354880809784,140.44357299804688,161.66619873046875,202.47897338867188,274.8172912597656
000000000562.jpg,79,0.3392452597618103,62.32966613769531,87.85983276367188,148.0338134765625,405.02679443359375
000000000564.jpg,0,0.8842020630836487,236.4070281982422,335.91485595703125,382.52105712890625,609.530517578125
000000000564.jpg,56,0.6227570176124573,70.58937072753906,284.34375,118.70976257324219,306.112060546875
000000000564.jpg,56,0.620612382888794,122.52491760253906,283.713623046875,169.66673278808594,307.1029052734375
000000000564.jpg,56,0.61505126953125,301.93145751953125,308.7594299316406,356.63018798828125,336.8415222167969
000000000564.jpg,56,0.5437718629837036,187.9809112548828,257.06341552734375,237.37547302246094,282.96636962890625
000000000564.jpg,56,0.5047786831855774,42.37782287597656,259.75189208984375,88.07931518554688,285.28448486328125
000000000564.jpg,56,0.5040394067764282,326.991943359375,281.61041259765625,377.169189453125,303.86590576171875
000000000564.jpg,56,0.5014690160751343,247.70428466796875,308.71685791015625,300.66754150390625,336.57135009765625
000000000564.jpg,56,0.49736714363098145,21.1119384765625,285.05224609375,67.80775451660156,306.779541015625
000000000564.jpg,0,0.4838411808013916,454.79425048828125,203.16384887695312,520.0,291.02642822265625
000000000564.jpg,56,0.477382093667984,381.12005615234375,282.43121337890625,433.66192626953125,303.79742431640625
000000000564.jpg,56,0.461306095123291,436.29937744140625,280.35968017578125,487.6119384765625,303.28790283203125
000000000564.jpg,56,0.4538850784301758,91.10159301757812,257.8601379394531,137.78570556640625,282.9524230957031
000000000564.jpg,56,0.45297521352767944,386.42694091796875,253.82611083984375,441.55816650390625,286.65130615234375
000000000564.jpg,56,0.4453391134738922,139.96063232421875,258.6497802734375,186.91293334960938,281.89935302734375
000000000564.jpg,56,0.4450719654560089,157.13949584960938,232.85580444335938,201.30911254882812,256.1306457519531
000000000564.jpg,56,0.44427111744880676,359.01129150390625,308.11395263671875,414.50396728515625,337.42218017578125
000000000564.jpg,56,0.44326335191726685,110.58805847167969,233.05462646484375,155.07456970214844,256.90069580078125
000000000564.jpg,56,0.4202880859375,0.0,260.5794372558594,40.17952346801758,285.0062561035156
000000000564.jpg,56,0.39619481563568115,204.43865966796875,232.4364776611328,249.10235595703125,255.64869689941406
000000000564.jpg,56,0.3486705720424652,231.3009033203125,252.71670532226562,294.83746337890625,304.4944152832031
000000000564.jpg,56,0.3366002142429352,63.6693115234375,234.948974609375,107.81036376953125,258.78192138671875
000000000564.jpg,56,0.33488622307777405,38.72154235839844,310.6864318847656,93.63594055175781,353.4103088378906
000000000564.jpg,56,0.32121172547340393,17.01224708557129,235.5206298828125,60.70697784423828,257.9976806640625
000000000564.jpg,56,0.30546364188194275,475.50885009765625,306.0676574707031,520.0,336.0741271972656
000000000564.jpg,56,0.26036572456359863,418.65826416015625,307.3799743652344,475.62371826171875,337.5809020996094
000000000564.jpg,56,0.2571607828140259,251.03741455078125,230.89346313476562,299.98944091796875,258.52972412109375
000000000569.jpg,0,0.8688101768493652,86.29995727539062,271.92950439453125,170.00338745117188,415.04278564453125
000000000572.jpg,28,0.8852457404136658,287.811279296875,378.8558349609375,427.0,601.7354736328125
000000000572.jpg,0,0.8524153828620911,139.40631103515625,61.32861328125,286.357177734375,609.0640869140625
000000000572.jpg,0,0.7851999402046204,70.6580810546875,251.48944091796875,206.34942626953125,598.06787109375
000000000575.jpg,15,0.8755601048469543,0.0,40.6058349609375,365.66107177734375,403.47021484375
000000000581.jpg,16,0.47943806648254395,0.0,133.8642120361328,270.4007568359375,469.9601135253906
000000000584.jpg,51,0.6024603843688965,357.15771484375,313.2674865722656,447.2567138671875,400.2754821777344
000000000584.jpg,45,0.5341073870658875,10.31488037109375,6.467803955078125,635.9185791015625,416.7447509765625
000000000584.jpg,44,0.38261300325393677,0.459991455078125,0.909637451171875,334.7772521972656,123.9638671875
000000000584.jpg,51,0.36844027042388916,197.03176879882812,172.98312377929688,283.6371154785156,250.94650268554688
000000000584.jpg,44,0.28840845823287964,0.25286865234375,2.873870849609375,301.55255126953125,285.3919372558594
000000000589.jpg,0,0.9129788875579834,348.13427734375,190.8532257080078,493.2969970703125,364.33734130859375
000000000590.jpg,71,0.7218664884567261,75.13387298583984,295.1343688964844,164.44749450683594,318.47552490234375
000000000590.jpg,41,0.26611340045928955,55.21628952026367,428.4042053222656,76.13990783691406,452.5989990234375
000000000595.jpg,62,0.46195080876350403,368.6224365234375,301.57958984375,508.3387451171875,400.7249755859375
000000000597.jpg,20,0.8446906208992004,381.75445556640625,149.13534545898438,451.68719482421875,192.48422241210938
000000000597.jpg,20,0.8381794691085815,466.8734130859375,151.1099090576172,543.4445190429688,193.7902069091797
000000000597.jpg,20,0.8284197449684143,196.60549926757812,141.396728515625,266.0127868652344,190.12374877929688
000000000597.jpg,20,0.8253231048583984,336.9689636230469,166.1391143798828,377.8379211425781,191.84300231933594
000000000597.jpg,20,0.8033442497253418,0.0,155.42556762695312,53.730445861816406,188.73635864257812
000000000597.jpg,20,0.6647146940231323,87.95126342773438,165.2762451171875,118.02188110351562,188.6126708984375
000000000597.jpg,20,0.6527402400970459,134.4840087890625,153.93572998046875,181.37835693359375,189.59814453125
000000000599.jpg,65,0.9403570890426636,438.3263244628906,201.3211669921875,615.8792724609375,283.92816162109375
000000000599.jpg,15,0.9096072316169739,52.883148193359375,38.581939697265625,406.3435974121094,403.50762939453125
000000000599.jpg,57,0.5770152807235718,0.55194091796875,1.233612060546875,555.3549194335938,401.48876953125
000000000599.jpg,58,0.5227399468421936,526.44677734375,0.5038299560546875,639.563232421875,216.61851501464844
000000000599.jpg,65,0.26870840787887573,392.21734619140625,162.9377899169922,585.6975708007812,229.1451873779297
000000000605.jpg,41,0.9302826523780823,268.548828125,121.85366821289062,513.092041015625,301.2708435058594
000000000605.jpg,60,0.8720102906227112,2.27410888671875,0.21368408203125,639.658203125,478.958740234375
000000000605.jpg,41,0.8442106246948242,410.37939453125,31.587738037109375,553.706298828125,171.1253662109375
000000000605.jpg,44,0.708579957485199,257.6307373046875,163.4483642578125,321.358642578125,301.85107421875
000000000605.jpg,55,0.5407543778419495,0.0707855224609375,131.63864135742188,134.5481719970703,320.2338562011719
000000000605.jpg,55,0.3655741512775421,95.59432983398438,0.0,222.20254516601562,69.49679565429688
000000000612.jpg,77,0.6536576747894287,181.30935668945312,191.83419799804688,285.9911804199219,285.6640930175781
000000000612.jpg,77,0.5870946645736694,398.3919677734375,284.462158203125,526.8365478515625,390.9610595703125
000000000612.jpg,77,0.5410102009773254,260.538330078125,282.15875244140625,336.034423828125,361.524169921875
000000000612.jpg,75,0.5087190270423889,575.6280517578125,401.0821533203125,637.7916259765625,479.8538818359375
000000000612.jpg,77,0.4851346015930176,359.41265869140625,220.7080078125,455.82952880859375,319.9254150390625
000000000612.jpg,77,0.3525167405605316,322.8680114746094,267.7917175292969,394.0199279785156,359.3174133300781
000000000612.jpg,59,0.3430202603340149,107.54901123046875,226.03607177734375,540.1778564453125,479.6536865234375
000000000612.jpg,77,0.33697769045829773,515.521240234375,1.399505615234375,639.67578125,336.6096496582031
000000000612.jpg,57,0.326897531747818,109.57257080078125,217.02508544921875,584.03662109375,479.81683349609375
000000000612.jpg,75,0.2678226828575134,0.0,274.76239013671875,34.55400848388672,411.371337890625
000000000620.jpg,53,0.7126702666282654,92.59909057617188,252.8455810546875,317.10400390625,372.2376708984375
000000000623.jpg,77,0.8163743615150452,0.10609626770019531,17.749738693237305,360.2389831542969,500.0
000000000623.jpg,0,0.596200704574585,161.16664123535156,1.619720458984375,347.4492492675781,495.0816345214844
000000000625.jpg,0,0.9179075956344604,276.6078186035156,151.96826171875,370.6695251464844,423.144287109375
000000000625.jpg,0,0.9036126732826233,405.45867919921875,207.6162109375,522.2715454101562,417.55712890625
000000000625.jpg,0,0.902319610118866,186.87161254882812,233.22998046875,277.3769836425781,419.11566162109375
000000000625.jpg,29,0.8223004937171936,272.31610107421875,111.91500854492188,307.24578857421875,132.14891052246094
000000000626.jpg,74,0.8697575330734253,311.86572265625,121.18708038330078,353.5404052734375,166.1502685546875
000000000626.jpg,74,0.7906246781349182,395.3241882324219,128.40646362304688,416.9355163574219,175.78878784179688
000000000629.jpg,3,0.9349845051765442,322.64752197265625,248.5753173828125,563.7666625976562,409.80322265625
000000000634.jpg,0,0.9106317758560181,57.7777099609375,267.2119140625,349.7974548339844,483.7177734375
000000000634.jpg,0,0.7940301895141602,329.598388671875,0.0869598388671875,425.6253662109375,113.97686767578125
000000000634.jpg,0,0.6972845792770386,79.84234619140625,38.66740417480469,104.3770751953125,65.15384674072266
000000000634.jpg,0,0.5595694780349731,177.10751342773438,16.091556549072266,197.51907348632812,38.758419036865234
000000000634.jpg,0,0.4569988548755646,149.47998046875,17.938312530517578,167.948974609375,45.751705169677734
000000000634.jpg,36,0.4451151490211487,156.60574340820312,446.78314208984375,315.9114685058594,492.71746826171875
000000000636.jpg,61,0.8756369352340698,83.09515380859375,83.6385498046875,341.02667236328125,627.148681640625
000000000641.jpg,5,0.930055558681488,142.8070068359375,99.86587524414062,556.7406616210938,335.1355285644531
000000000641.jpg,0,0.2981831729412079,571.2648315429688,236.1094207763672,582.7979125976562,278.57159423828125
000000000641.jpg,0,0.2739528715610504,562.55517578125,248.77020263671875,578.109375,288.14031982421875
000000000643.jpg,62,0.907049298286438,107.25875091552734,171.5477752685547,316.3326721191406,362.7082214355469
000000000643.jpg,39,0.6984931826591492,66.84688568115234,251.898193359375,113.72000122070312,369.21563720703125
000000000643.jpg,45,0.42030298709869385,153.80801391601562,71.82798767089844,193.72987365722656,94.79861450195312
000000000650.jpg,15,0.776559591293335,182.33108520507812,114.27352905273438,476.2375793457031,353.19122314453125
000000000650.jpg,2,0.6373471617698669,12.59375,277.79937744140625,638.013427734375,422.49066162109375
